{"cameraMode":{"drawMode":0,"name":"Shaded","section":"Shading Mode"},"sceneLighting":true,"audioPlay":false,"sceneViewState":{"showFog":true,"showMaterialUpdate":false,"showSkybox":true,"showFlares":true,"showImageEffects":true,"showParticleSystems":true},"in2DMode":false,"pivot":{"x":8.61294174194336,"y":48.814186096191409,"z":141.53689575195313},"rotation":{"x":0.603588342666626,"y":-0.0031078264582902195,"z":0.0023528356105089189,"w":0.7972866296768189},"size":39.69641876220703,"orthographic":true}