{"cameraMode":{"drawMode":0,"name":"Shaded","section":"Shading Mode"},"sceneLighting":true,"audioPlay":false,"sceneViewState":{"showFog":true,"showMaterialUpdate":false,"showSkybox":true,"showFlares":true,"showImageEffects":true,"showParticleSystems":true},"in2DMode":false,"pivot":{"x":4.211121082305908,"y":2.0898289680480959,"z":0.9480368494987488},"rotation":{"x":0.6667911410331726,"y":-0.002235718071460724,"z":0.002000395441427827,"w":0.7452386021614075},"size":26.380800247192384,"orthographic":false}